Driver,LapNumber,Compound,TyreLife,Sector1Sec,Sector2Sec,Sector3Sec,LapTimeSec
VER,2.0,MEDIUM,2.0,26.845,39.996,33.15,99.991
VER,6.0,MEDIUM,6.0,27.069,39.822,32.888,99.779
VER,7.0,MEDIUM,7.0,26.838,39.793,33.1,99.731
VER,8.0,MEDIUM,8.0,26.809,39.973,33.3,100.082
VER,9.0,MEDIUM,9.0,26.901,39.932,33.199,100.032
VER,11.0,MEDIUM,11.0,26.971,40.034,33.241,100.246
VER,12.0,MEDIUM,12.0,26.876,40.067,33.239,100.182
VER,13.0,MEDIUM,13.0,26.778,39.941,33.217,99.936
VER,14.0,MEDIUM,14.0,26.852,40.132,32.862,99.846
VER,15.0,MEDIUM,15.0,26.866,40.207,33.119,100.192
VER,16.0,MEDIUM,16.0,26.828,40.121,33.084,100.033
VER,17.0,MEDIUM,17.0,26.898,40.213,33.049,100.16
VER,18.0,MEDIUM,18.0,26.852,40.158,32.911,99.921
VER,19.0,MEDIUM,19.0,26.887,40.169,32.925,99.981
VER,20.0,MEDIUM,20.0,26.727,40.105,33.154,99.986
VER,21.0,MEDIUM,21.0,26.783,39.936,33.084,99.803
VER,22.0,MEDIUM,22.0,26.679,40.16,33.26,100.099
VER,23.0,MEDIUM,23.0,26.817,40.4,33.203,100.42
VER,24.0,MEDIUM,24.0,26.799,40.279,33.24,100.318
VER,27.0,HARD,2.0,26.823,39.567,32.656,99.046
VER,28.0,HARD,3.0,26.643,39.536,32.605,98.784
VER,29.0,HARD,4.0,26.615,39.745,32.707,99.067
VER,30.0,HARD,5.0,26.513,39.487,32.75,98.75
VER,31.0,HARD,6.0,26.553,39.801,32.704,99.058
VER,32.0,HARD,7.0,26.539,39.772,32.795,99.106
VER,33.0,HARD,8.0,26.479,39.75,32.598,98.827
VER,34.0,HARD,9.0,26.612,39.814,32.637,99.063
VER,35.0,HARD,10.0,26.464,39.878,32.662,99.004
VER,36.0,HARD,11.0,26.424,39.583,32.708,98.715
VER,37.0,HARD,12.0,26.457,39.726,32.78,98.963
VER,38.0,HARD,13.0,26.445,39.58,32.616,98.641
VER,39.0,HARD,14.0,26.446,39.359,32.553,98.358
VER,40.0,HARD,15.0,26.397,39.556,32.671,98.624
VER,42.0,HARD,17.0,26.234,39.472,32.411,98.117
VER,43.0,HARD,18.0,26.226,39.737,32.563,98.526
VER,44.0,HARD,19.0,26.351,39.641,32.461,98.453
VER,45.0,HARD,20.0,26.288,39.451,32.53,98.269
VER,46.0,HARD,21.0,26.373,39.529,32.353,98.255
VER,47.0,HARD,22.0,26.584,39.713,32.894,99.191
VER,48.0,HARD,23.0,26.297,39.69,32.585,98.572
VER,49.0,HARD,24.0,26.45,39.572,32.576,98.598
VER,50.0,HARD,25.0,26.364,39.769,32.559,98.692
VER,51.0,HARD,26.0,26.325,39.912,32.868,99.105
VER,52.0,HARD,27.0,26.468,40.574,33.777,100.819
VER,53.0,HARD,28.0,27.023,39.838,32.523,99.384
VER,54.0,HARD,29.0,26.251,39.826,32.584,98.661
VER,55.0,HARD,30.0,26.186,39.633,32.433,98.252
VER,56.0,HARD,31.0,26.053,39.898,33.067,99.018
GAS,6.0,MEDIUM,6.0,27.866,40.619,33.611,102.096
GAS,7.0,MEDIUM,7.0,27.445,40.283,33.759,101.487
GAS,8.0,MEDIUM,8.0,27.195,40.157,33.685,101.037
GAS,9.0,MEDIUM,9.0,27.228,40.072,33.412,100.712
GAS,11.0,MEDIUM,11.0,27.339,40.305,33.647,101.291
GAS,12.0,MEDIUM,12.0,27.417,40.192,33.477,101.086
GAS,13.0,MEDIUM,13.0,27.285,40.288,33.473,101.046
GAS,14.0,MEDIUM,14.0,27.36,40.458,33.733,101.551
GAS,15.0,MEDIUM,15.0,27.404,40.427,33.668,101.499
GAS,16.0,MEDIUM,16.0,27.352,40.443,33.511,101.306
GAS,17.0,MEDIUM,17.0,27.739,40.741,33.662,102.142
GAS,20.0,HARD,2.0,27.534,40.187,33.875,101.596
GAS,21.0,HARD,3.0,27.535,40.067,33.53,101.132
GAS,22.0,HARD,4.0,27.29,40.197,33.546,101.033
GAS,23.0,HARD,5.0,27.187,40.204,33.692,101.083
GAS,24.0,HARD,6.0,27.214,40.158,33.543,100.915
GAS,25.0,HARD,7.0,27.263,40.041,33.682,100.986
GAS,26.0,HARD,8.0,27.026,39.884,35.044,101.954
GAS,27.0,HARD,9.0,27.871,40.336,34.2,102.407
GAS,28.0,HARD,10.0,27.121,40.263,33.346,100.73
GAS,29.0,HARD,11.0,26.992,40.028,33.415,100.435
GAS,30.0,HARD,12.0,27.095,39.914,33.663,100.672
GAS,31.0,HARD,13.0,27.176,40.012,33.603,100.791
GAS,32.0,HARD,14.0,27.218,40.086,33.189,100.493
GAS,33.0,HARD,15.0,27.119,39.928,33.197,100.244
GAS,34.0,HARD,16.0,27.109,39.901,32.895,99.905
GAS,35.0,HARD,17.0,27.068,39.722,33.076,99.866
GAS,36.0,HARD,18.0,26.955,40.49,33.185,100.63
GAS,37.0,HARD,19.0,27.357,40.17,33.171,100.698
GAS,38.0,HARD,20.0,26.907,40.235,33.703,100.845
GAS,39.0,HARD,21.0,26.956,39.956,33.069,99.981
GAS,40.0,HARD,22.0,26.996,39.826,33.077,99.899
GAS,42.0,HARD,24.0,26.733,39.522,32.886,99.141
GAS,43.0,HARD,25.0,26.744,39.69,32.842,99.276
GAS,44.0,HARD,26.0,26.964,39.705,32.881,99.55
GAS,45.0,HARD,27.0,26.877,40.084,33.704,100.665
GAS,46.0,HARD,28.0,26.678,39.663,33.023,99.364
GAS,47.0,HARD,29.0,27.778,40.114,33.081,100.973
GAS,48.0,HARD,30.0,26.739,39.658,33.164,99.561
GAS,49.0,HARD,31.0,26.63,39.74,32.93,99.3
GAS,50.0,HARD,32.0,26.622,39.64,32.912,99.174
GAS,51.0,HARD,33.0,26.693,39.837,32.854,99.384
GAS,52.0,HARD,34.0,26.574,39.568,32.758,98.9
GAS,53.0,HARD,35.0,26.693,39.482,32.952,99.127
GAS,54.0,HARD,36.0,26.562,39.452,32.714,98.728
GAS,55.0,HARD,37.0,26.373,39.479,32.459,98.311
GAS,56.0,HARD,38.0,26.325,39.517,32.927,98.769
PER,6.0,MEDIUM,6.0,28.025,40.604,33.947,102.576
PER,7.0,MEDIUM,7.0,27.597,40.003,34.103,101.703
PER,8.0,MEDIUM,8.0,27.156,40.119,33.854,101.129
PER,9.0,MEDIUM,9.0,27.102,40.319,33.981,101.402
PER,11.0,MEDIUM,11.0,27.098,40.42,34.007,101.525
PER,12.0,MEDIUM,12.0,27.14,40.424,33.927,101.491
PER,13.0,MEDIUM,13.0,26.96,40.442,33.817,101.219
PER,14.0,MEDIUM,14.0,27.025,40.533,33.873,101.431
PER,15.0,MEDIUM,15.0,26.862,40.83,33.919,101.611
PER,16.0,MEDIUM,16.0,27.033,40.58,33.855,101.468
PER,17.0,MEDIUM,17.0,27.091,40.393,33.996,101.48
PER,18.0,MEDIUM,18.0,27.076,40.346,33.116,100.538
PER,19.0,MEDIUM,19.0,26.866,40.281,33.111,100.258
PER,20.0,MEDIUM,20.0,26.912,40.216,33.124,100.252
PER,21.0,MEDIUM,21.0,26.827,40.062,33.681,100.57
PER,22.0,MEDIUM,22.0,27.335,40.636,33.485,101.456
PER,23.0,MEDIUM,23.0,26.953,40.464,33.264,100.681
PER,24.0,MEDIUM,24.0,26.881,40.48,33.203,100.564
PER,25.0,MEDIUM,25.0,26.69,40.169,33.256,100.115
PER,28.0,HARD,2.0,26.608,40.183,32.851,99.642
PER,29.0,HARD,3.0,26.629,39.817,33.005,99.451
PER,30.0,HARD,4.0,26.728,39.881,33.024,99.633
PER,31.0,HARD,5.0,26.655,39.999,33.028,99.682
PER,32.0,HARD,6.0,26.538,39.921,32.919,99.378
PER,33.0,HARD,7.0,26.519,39.869,33.331,99.719
PER,34.0,HARD,8.0,26.732,40.022,33.446,100.2
PER,35.0,HARD,9.0,26.759,39.593,33.753,100.105
PER,36.0,HARD,10.0,26.812,39.784,33.566,100.162
PER,37.0,HARD,11.0,26.583,40.044,32.872,99.499
PER,38.0,HARD,12.0,26.444,39.612,32.883,98.939
PER,39.0,HARD,13.0,26.508,39.68,32.798,98.986
PER,40.0,HARD,14.0,26.431,39.755,32.88,99.066
PER,42.0,HARD,16.0,26.501,39.599,32.766,98.866
PER,43.0,HARD,17.0,26.354,39.748,32.685,98.787
PER,44.0,HARD,18.0,26.401,39.524,32.856,98.781
PER,45.0,HARD,19.0,26.336,39.599,32.579,98.514
PER,46.0,HARD,20.0,26.332,39.599,32.648,98.579
PER,47.0,HARD,21.0,26.367,39.694,32.853,98.914
PER,48.0,HARD,22.0,26.317,39.761,32.764,98.842
PER,49.0,HARD,23.0,26.342,39.742,32.598,98.682
PER,50.0,HARD,24.0,26.222,39.742,32.765,98.729
PER,51.0,HARD,25.0,26.254,39.864,32.552,98.67
PER,52.0,HARD,26.0,26.279,39.876,33.021,99.176
PER,53.0,HARD,27.0,26.567,40.152,33.02,99.739
PER,54.0,HARD,28.0,26.441,39.746,32.616,98.803
PER,55.0,HARD,29.0,26.386,40.223,33.378,99.987
PER,56.0,HARD,30.0,26.315,40.04,33.215,99.57
ALO,6.0,MEDIUM,6.0,28.214,41.1,33.728,103.042
ALO,7.0,MEDIUM,7.0,27.716,40.687,34.006,102.409
ALO,8.0,MEDIUM,8.0,27.534,40.251,33.723,101.508
ALO,9.0,MEDIUM,9.0,27.342,40.864,33.769,101.975
ALO,11.0,MEDIUM,11.0,27.759,40.808,34.759,103.326
ALO,12.0,MEDIUM,12.0,27.448,40.328,33.925,101.701
ALO,13.0,MEDIUM,13.0,27.387,40.664,33.636,101.687
ALO,14.0,MEDIUM,14.0,27.402,40.77,33.534,101.706
ALO,15.0,MEDIUM,15.0,27.329,40.688,33.513,101.53
ALO,16.0,MEDIUM,16.0,27.31,40.775,33.596,101.681
ALO,17.0,MEDIUM,17.0,27.429,41.164,33.831,102.424
ALO,18.0,MEDIUM,18.0,27.243,40.341,33.654,101.238
ALO,19.0,MEDIUM,19.0,27.347,40.73,33.6,101.677
ALO,20.0,MEDIUM,20.0,27.251,40.356,33.978,101.585
ALO,21.0,MEDIUM,21.0,27.195,40.321,33.781,101.297
ALO,22.0,MEDIUM,22.0,27.139,40.882,34.686,102.707
ALO,23.0,MEDIUM,23.0,27.311,40.88,33.575,101.766
ALO,24.0,MEDIUM,24.0,27.41,40.747,33.722,101.879
ALO,25.0,MEDIUM,25.0,27.267,40.729,33.618,101.614
ALO,28.0,HARD,3.0,27.076,40.074,33.328,100.478
ALO,29.0,HARD,4.0,27.168,39.942,33.37,100.48
ALO,30.0,HARD,5.0,26.993,39.859,33.358,100.21
ALO,31.0,HARD,6.0,26.934,40.07,33.129,100.133
ALO,32.0,HARD,7.0,26.896,40.049,33.655,100.6
ALO,33.0,HARD,8.0,27.016,39.987,33.553,100.556
ALO,34.0,HARD,9.0,27.011,39.986,33.288,100.285
ALO,35.0,HARD,10.0,27.121,40.184,33.926,101.231
ALO,36.0,HARD,11.0,26.883,40.202,33.128,100.213
ALO,37.0,HARD,12.0,26.908,40.312,33.39,100.61
ALO,38.0,HARD,13.0,26.903,39.858,33.379,100.14
ALO,39.0,HARD,14.0,26.871,40.082,33.126,100.079
ALO,40.0,HARD,15.0,26.852,39.994,33.081,99.927
ALO,42.0,HARD,17.0,26.675,39.842,32.928,99.445
ALO,43.0,HARD,18.0,26.539,40.006,33.009,99.554
ALO,44.0,HARD,19.0,26.603,39.755,33.094,99.452
ALO,45.0,HARD,20.0,26.727,40.305,32.967,99.999
ALO,46.0,HARD,21.0,26.765,40.007,32.768,99.54
ALO,47.0,HARD,22.0,26.562,40.165,32.806,99.533
ALO,48.0,HARD,23.0,26.619,40.036,32.983,99.638
ALO,49.0,HARD,24.0,26.661,40.325,32.963,99.949
ALO,50.0,HARD,25.0,26.628,40.08,32.876,99.584
ALO,51.0,HARD,26.0,26.607,40.008,32.675,99.29
ALO,52.0,HARD,27.0,26.496,40.023,32.742,99.261
ALO,53.0,HARD,28.0,26.763,40.015,32.951,99.729
ALO,54.0,HARD,29.0,26.799,40.022,34.849,101.67
ALO,55.0,HARD,30.0,26.561,40.165,33.37,100.096
LEC,2.0,MEDIUM,2.0,27.122,39.879,33.34,100.341
LEC,6.0,MEDIUM,6.0,27.025,39.44,32.486,98.951
LEC,7.0,MEDIUM,7.0,26.844,39.803,32.923,99.57
LEC,8.0,MEDIUM,8.0,26.88,39.629,32.798,99.307
LEC,9.0,MEDIUM,9.0,26.797,39.651,32.809,99.257
LEC,11.0,MEDIUM,11.0,26.851,39.807,32.939,99.597
LEC,12.0,MEDIUM,12.0,26.799,39.754,32.895,99.448
LEC,13.0,MEDIUM,13.0,26.617,39.768,33.014,99.399
LEC,14.0,MEDIUM,14.0,26.743,39.738,32.719,99.2
LEC,15.0,MEDIUM,15.0,26.791,39.991,32.89,99.672
LEC,16.0,MEDIUM,16.0,26.785,40.089,32.908,99.782
LEC,17.0,MEDIUM,17.0,26.774,40.05,32.797,99.621
LEC,18.0,MEDIUM,18.0,26.948,39.853,32.634,99.435
LEC,19.0,MEDIUM,19.0,27.028,39.781,32.744,99.553
LEC,20.0,MEDIUM,20.0,26.924,39.892,32.94,99.756
LEC,21.0,MEDIUM,21.0,26.735,39.835,32.936,99.506
LEC,22.0,MEDIUM,22.0,26.711,39.746,32.954,99.411
LEC,23.0,MEDIUM,23.0,26.769,40.092,33.017,99.878
LEC,24.0,MEDIUM,24.0,26.735,40.006,32.958,99.699
LEC,25.0,MEDIUM,25.0,26.655,39.944,32.984,99.583
LEC,28.0,HARD,2.0,26.597,39.341,32.724,98.662
LEC,29.0,HARD,3.0,26.635,39.624,32.808,99.067
LEC,30.0,HARD,4.0,26.707,39.55,32.777,99.034
LEC,31.0,HARD,5.0,26.577,39.6,32.49,98.667
LEC,32.0,HARD,6.0,26.449,39.535,32.841,98.825
LEC,33.0,HARD,7.0,26.573,39.685,32.774,99.032
LEC,34.0,HARD,8.0,26.636,39.525,32.472,98.633
LEC,35.0,HARD,9.0,26.625,39.631,32.641,98.897
LEC,36.0,HARD,10.0,26.484,39.393,32.766,98.643
LEC,37.0,HARD,11.0,26.37,39.536,32.571,98.477
LEC,38.0,HARD,12.0,26.484,39.434,32.652,98.57
LEC,39.0,HARD,13.0,26.334,39.02,32.48,97.834
LEC,40.0,HARD,14.0,26.418,39.249,32.62,98.287
LEC,42.0,HARD,16.0,26.274,39.41,32.495,98.179
LEC,43.0,HARD,17.0,26.222,39.409,32.626,98.257
LEC,44.0,HARD,18.0,26.249,39.723,32.725,98.697
LEC,45.0,HARD,19.0,26.256,39.424,32.669,98.349
LEC,46.0,HARD,20.0,26.33,39.726,33.121,99.177
LEC,47.0,HARD,21.0,26.466,39.385,32.62,98.471
LEC,48.0,HARD,22.0,26.308,39.549,32.456,98.313
LEC,49.0,HARD,23.0,26.007,39.647,32.672,98.326
LEC,50.0,HARD,24.0,26.124,39.533,32.294,97.951
LEC,51.0,HARD,25.0,26.116,39.514,32.245,97.875
LEC,52.0,HARD,26.0,26.186,39.541,32.365,98.092
LEC,53.0,HARD,27.0,26.284,39.625,32.456,98.365
LEC,54.0,HARD,28.0,26.397,39.361,32.417,98.175
LEC,55.0,HARD,29.0,26.149,39.261,32.492,97.902
LEC,56.0,HARD,30.0,26.574,39.861,33.083,99.518
STR,6.0,HARD,7.0,28.514,43.888,34.694,107.096
STR,7.0,HARD,8.0,27.873,40.345,33.929,102.147
STR,8.0,HARD,9.0,27.435,40.617,33.821,101.873
STR,9.0,HARD,10.0,27.379,40.473,34.12,101.972
STR,11.0,HARD,12.0,27.847,40.883,34.047,102.777
STR,12.0,HARD,13.0,27.514,40.832,33.828,102.174
STR,13.0,HARD,14.0,27.361,40.854,33.887,102.102
STR,14.0,HARD,15.0,27.499,40.786,33.777,102.062
STR,15.0,HARD,16.0,27.424,40.935,33.989,102.348
STR,16.0,HARD,17.0,27.437,41.075,33.799,102.311
STR,17.0,HARD,18.0,27.464,40.881,33.709,102.054
STR,18.0,HARD,19.0,27.463,40.771,33.635,101.869
STR,19.0,HARD,20.0,27.352,40.579,33.639,101.57
STR,20.0,HARD,21.0,27.341,40.414,33.846,101.601
STR,21.0,HARD,22.0,27.236,40.373,33.807,101.416
STR,22.0,HARD,23.0,27.319,40.745,34.593,102.657
STR,23.0,HARD,24.0,27.31,41.143,33.784,102.237
STR,24.0,HARD,25.0,27.396,40.603,33.679,101.678
STR,25.0,HARD,26.0,27.182,40.788,33.664,101.634
STR,26.0,HARD,27.0,27.304,40.726,35.183,103.213
STR,29.0,MEDIUM,2.0,27.165,39.523,32.887,99.575
STR,30.0,MEDIUM,3.0,27.232,39.999,33.153,100.384
STR,31.0,MEDIUM,4.0,27.056,39.979,33.053,100.088
STR,32.0,MEDIUM,5.0,27.073,40.162,33.454,100.689
STR,33.0,MEDIUM,6.0,27.165,40.137,33.112,100.414
STR,34.0,MEDIUM,7.0,27.053,40.221,33.13,100.404
STR,35.0,MEDIUM,8.0,27.129,40.032,33.238,100.399
STR,36.0,MEDIUM,9.0,26.991,40.222,33.222,100.435
STR,37.0,MEDIUM,10.0,26.989,40.025,33.196,100.21
STR,38.0,MEDIUM,11.0,27.024,39.904,33.097,100.025
STR,39.0,MEDIUM,12.0,27.111,39.901,33.026,100.038
STR,42.0,MEDIUM,15.0,26.957,39.925,33.203,100.085
STR,43.0,MEDIUM,16.0,26.926,39.959,33.037,99.922
STR,44.0,MEDIUM,17.0,27.005,39.809,33.187,100.001
STR,45.0,MEDIUM,18.0,27.107,39.942,33.432,100.481
STR,46.0,MEDIUM,19.0,26.929,41.049,33.195,101.173
STR,47.0,MEDIUM,20.0,26.879,39.804,32.841,99.524
STR,48.0,MEDIUM,21.0,26.845,39.924,32.897,99.666
STR,49.0,MEDIUM,22.0,28.644,40.145,32.901,101.69
STR,50.0,MEDIUM,23.0,26.799,39.96,33.0,99.759
STR,51.0,MEDIUM,24.0,26.791,40.226,32.879,99.896
STR,52.0,MEDIUM,25.0,26.715,39.892,32.841,99.448
STR,53.0,MEDIUM,26.0,26.749,39.723,32.963,99.435
STR,54.0,MEDIUM,27.0,26.765,39.843,32.606,99.214
STR,55.0,MEDIUM,28.0,26.761,41.263,33.474,101.498
MAG,6.0,MEDIUM,6.0,27.932,40.556,33.823,102.311
MAG,7.0,MEDIUM,7.0,27.581,40.211,33.948,101.74
MAG,8.0,MEDIUM,8.0,27.075,40.118,33.643,100.836
MAG,9.0,MEDIUM,9.0,27.042,40.206,33.386,100.634
MAG,11.0,MEDIUM,11.0,27.345,40.604,33.748,101.697
MAG,12.0,MEDIUM,12.0,27.215,40.493,33.453,101.161
MAG,13.0,MEDIUM,13.0,27.182,40.37,33.598,101.15
MAG,14.0,MEDIUM,14.0,27.124,40.487,33.668,101.279
MAG,15.0,MEDIUM,15.0,27.18,40.727,33.829,101.736
MAG,16.0,MEDIUM,16.0,27.235,40.882,33.784,101.901
MAG,19.0,HARD,2.0,27.114,40.322,33.432,100.868
MAG,20.0,HARD,3.0,27.1,40.123,33.773,100.996
MAG,21.0,HARD,4.0,27.072,40.621,33.566,101.259
MAG,22.0,HARD,5.0,27.018,40.107,33.354,100.479
MAG,23.0,HARD,6.0,26.888,40.427,33.417,100.732
MAG,24.0,HARD,7.0,26.965,40.27,33.391,100.626
MAG,25.0,HARD,8.0,26.842,40.174,33.276,100.292
MAG,26.0,HARD,9.0,26.94,40.225,33.314,100.479
MAG,27.0,HARD,10.0,26.799,40.151,33.176,100.126
MAG,28.0,HARD,11.0,26.834,40.737,33.952,101.523
MAG,29.0,HARD,12.0,26.706,40.118,33.426,100.25
MAG,30.0,HARD,13.0,26.888,40.246,33.635,100.769
MAG,31.0,HARD,14.0,26.839,40.265,33.351,100.455
MAG,32.0,HARD,15.0,26.824,39.989,33.353,100.166
MAG,33.0,HARD,16.0,26.704,40.004,33.118,99.826
MAG,34.0,HARD,17.0,26.674,40.03,32.937,99.641
MAG,35.0,HARD,18.0,26.588,39.962,33.035,99.585
MAG,36.0,HARD,19.0,26.614,40.118,33.054,99.786
MAG,37.0,HARD,20.0,26.927,40.327,33.227,100.481
MAG,40.0,MEDIUM,2.0,26.839,39.219,32.917,98.975
MAG,42.0,MEDIUM,4.0,26.424,39.549,32.68,98.653
MAG,43.0,MEDIUM,5.0,26.542,39.647,32.799,98.988
MAG,44.0,MEDIUM,6.0,26.421,39.576,32.674,98.671
MAG,45.0,MEDIUM,7.0,26.562,39.636,32.847,99.045
MAG,46.0,MEDIUM,8.0,26.363,39.714,33.008,99.085
MAG,47.0,MEDIUM,9.0,26.483,39.727,32.569,98.779
MAG,48.0,MEDIUM,10.0,26.525,39.694,32.806,99.025
MAG,49.0,MEDIUM,11.0,26.315,39.747,32.684,98.746
MAG,50.0,MEDIUM,12.0,26.428,39.78,32.468,98.676
MAG,51.0,MEDIUM,13.0,26.457,39.724,32.696,98.877
MAG,52.0,MEDIUM,14.0,26.374,39.511,32.738,98.623
MAG,53.0,MEDIUM,15.0,26.403,39.61,32.495,98.508
MAG,54.0,MEDIUM,16.0,26.361,39.56,32.404,98.325
MAG,55.0,MEDIUM,17.0,26.258,39.672,32.309,98.239
MAG,56.0,MEDIUM,18.0,26.239,39.542,32.429,98.21
TSU,6.0,MEDIUM,6.0,28.199,40.514,33.846,102.559
TSU,7.0,MEDIUM,7.0,27.741,40.216,33.774,101.731
TSU,8.0,MEDIUM,8.0,27.225,40.265,33.611,101.101
TSU,9.0,MEDIUM,9.0,27.092,40.258,33.603,100.953
TSU,11.0,MEDIUM,11.0,27.417,40.523,33.673,101.613
TSU,12.0,MEDIUM,12.0,27.41,40.509,33.594,101.513
TSU,13.0,MEDIUM,13.0,27.141,40.472,33.61,101.223
TSU,14.0,MEDIUM,14.0,27.202,40.575,33.574,101.351
TSU,15.0,MEDIUM,15.0,27.241,40.783,33.512,101.536
TSU,16.0,MEDIUM,16.0,27.338,40.83,33.516,101.684
TSU,17.0,MEDIUM,17.0,27.38,41.096,34.55,103.026
TSU,20.0,HARD,2.0,27.545,40.349,33.304,101.198
TSU,21.0,HARD,3.0,27.409,40.412,33.516,101.337
TSU,22.0,HARD,4.0,27.325,40.372,33.308,101.005
TSU,23.0,HARD,5.0,27.21,40.624,33.531,101.365
TSU,24.0,HARD,6.0,27.168,40.492,33.545,101.205
TSU,25.0,HARD,7.0,27.277,40.492,33.304,101.073
TSU,26.0,HARD,8.0,27.148,40.263,33.516,100.927
TSU,27.0,HARD,9.0,27.129,40.563,33.554,101.246
TSU,28.0,HARD,10.0,27.316,40.188,33.963,101.467
TSU,29.0,HARD,11.0,27.221,40.233,33.339,100.793
TSU,30.0,HARD,12.0,27.087,40.289,33.33,100.706
TSU,31.0,HARD,13.0,27.135,40.379,33.279,100.793
TSU,32.0,HARD,14.0,27.005,40.369,33.092,100.466
TSU,33.0,HARD,15.0,26.844,40.422,33.036,100.302
TSU,34.0,HARD,16.0,26.879,40.316,32.944,100.139
TSU,35.0,HARD,17.0,26.845,39.962,32.98,99.787
TSU,36.0,HARD,18.0,26.755,40.156,33.012,99.923
TSU,37.0,HARD,19.0,27.535,40.31,33.157,101.002
TSU,38.0,HARD,20.0,26.713,39.956,33.186,99.855
TSU,39.0,HARD,21.0,26.684,39.881,33.049,99.614
TSU,40.0,HARD,22.0,26.733,39.87,33.242,99.845
TSU,42.0,HARD,24.0,26.58,39.721,32.911,99.212
TSU,43.0,HARD,25.0,26.5,39.84,33.021,99.361
TSU,44.0,HARD,26.0,26.596,39.844,32.939,99.379
TSU,45.0,HARD,27.0,26.616,40.066,33.029,99.711
TSU,46.0,HARD,28.0,26.672,40.131,32.975,99.778
TSU,47.0,HARD,29.0,26.643,39.909,33.079,99.631
TSU,48.0,HARD,30.0,26.56,40.065,33.072,99.697
TSU,49.0,HARD,31.0,26.526,40.087,32.863,99.476
TSU,50.0,HARD,32.0,26.553,40.162,33.148,99.863
TSU,51.0,HARD,33.0,26.523,40.071,32.927,99.521
TSU,52.0,HARD,34.0,26.508,39.95,33.199,99.657
TSU,53.0,HARD,35.0,28.276,39.747,33.091,101.114
TSU,54.0,HARD,36.0,26.507,39.734,32.952,99.193
TSU,55.0,HARD,37.0,26.45,39.874,33.055,99.379
ALB,6.0,MEDIUM,3.0,28.083,41.425,35.144,104.652
ALB,7.0,MEDIUM,4.0,27.954,40.414,34.259,102.627
ALB,8.0,MEDIUM,5.0,27.69,40.489,33.965,102.144
ALB,9.0,MEDIUM,6.0,27.4,40.711,33.89,102.001
ALB,11.0,MEDIUM,8.0,27.427,40.784,34.008,102.219
ALB,12.0,MEDIUM,9.0,27.454,40.694,33.79,101.938
ALB,13.0,MEDIUM,10.0,27.63,40.773,34.055,102.458
ALB,14.0,MEDIUM,11.0,27.629,40.567,34.025,102.221
ALB,15.0,MEDIUM,12.0,27.433,40.7,34.13,102.263
ALB,16.0,MEDIUM,13.0,27.511,40.978,33.842,102.331
ALB,17.0,MEDIUM,14.0,27.475,40.671,33.738,101.884
ALB,18.0,MEDIUM,15.0,27.339,40.619,33.566,101.524
ALB,19.0,MEDIUM,16.0,27.378,40.597,33.626,101.601
ALB,20.0,MEDIUM,17.0,27.197,40.395,33.819,101.411
ALB,21.0,MEDIUM,18.0,27.056,40.818,34.586,102.46
ALB,22.0,MEDIUM,19.0,27.185,40.925,34.059,102.169
ALB,23.0,MEDIUM,20.0,27.383,40.526,33.977,101.886
ALB,24.0,MEDIUM,21.0,27.296,40.455,33.681,101.432
ALB,25.0,MEDIUM,22.0,26.951,40.613,33.854,101.418
ALB,26.0,MEDIUM,23.0,26.963,40.474,34.92,102.357
ALB,27.0,MEDIUM,24.0,27.755,40.668,35.121,103.544
ALB,28.0,MEDIUM,25.0,27.357,41.002,34.573,102.932
ALB,29.0,MEDIUM,26.0,27.016,40.156,34.115,101.287
ALB,30.0,MEDIUM,27.0,27.197,40.426,34.028,101.651
ALB,31.0,MEDIUM,28.0,27.112,40.776,33.747,101.635
ALB,32.0,MEDIUM,29.0,27.097,40.407,33.793,101.297
ALB,35.0,HARD,2.0,27.06,39.868,33.101,100.029
ALB,36.0,HARD,3.0,26.756,39.816,33.149,99.721
ALB,37.0,HARD,4.0,26.877,39.882,32.873,99.632
ALB,38.0,HARD,5.0,26.861,39.75,33.079,99.69
ALB,39.0,HARD,6.0,26.82,39.835,32.876,99.531
ALB,41.0,HARD,8.0,26.628,40.056,32.722,99.406
ALB,42.0,HARD,9.0,26.586,39.738,32.917,99.241
ALB,43.0,HARD,10.0,26.516,39.791,33.046,99.353
ALB,44.0,HARD,11.0,28.055,39.973,33.187,101.215
ALB,45.0,HARD,12.0,26.685,40.044,33.232,99.961
ALB,46.0,HARD,13.0,26.916,40.158,34.659,101.733
ALB,47.0,HARD,14.0,26.598,39.812,33.142,99.552
ALB,48.0,HARD,15.0,26.595,39.945,32.665,99.205
ALB,49.0,HARD,16.0,26.523,39.918,33.068,99.509
ALB,50.0,HARD,17.0,26.552,39.943,33.144,99.639
ALB,51.0,HARD,18.0,26.67,40.08,32.97,99.72
ALB,52.0,HARD,19.0,26.517,39.661,33.101,99.279
ALB,53.0,HARD,20.0,26.709,39.67,32.971,99.35
ALB,54.0,HARD,21.0,26.531,39.594,32.959,99.084
ALB,55.0,HARD,22.0,27.819,40.234,33.246,101.299
ZHO,6.0,MEDIUM,6.0,28.187,41.144,33.928,103.259
ZHO,7.0,MEDIUM,7.0,27.845,40.279,33.976,102.1
ZHO,8.0,MEDIUM,8.0,27.418,40.156,33.9,101.474
ZHO,9.0,MEDIUM,9.0,27.421,40.36,34.129,101.91
ZHO,11.0,MEDIUM,11.0,27.834,40.949,33.96,102.743
ZHO,12.0,MEDIUM,12.0,27.819,40.711,33.732,102.262
ZHO,15.0,MEDIUM,2.0,27.712,40.306,33.358,101.376
ZHO,16.0,MEDIUM,3.0,27.703,40.642,33.288,101.633
ZHO,17.0,MEDIUM,4.0,27.812,40.515,33.559,101.886
ZHO,18.0,MEDIUM,5.0,27.551,40.462,33.312,101.325
ZHO,19.0,MEDIUM,6.0,27.486,40.454,33.412,101.352
ZHO,20.0,MEDIUM,7.0,27.704,40.651,33.503,101.858
ZHO,21.0,MEDIUM,8.0,27.53,40.365,33.54,101.435
ZHO,22.0,MEDIUM,9.0,27.561,40.681,33.934,102.176
ZHO,23.0,MEDIUM,10.0,27.669,40.775,33.815,102.259
ZHO,24.0,MEDIUM,11.0,27.574,40.477,33.598,101.649
ZHO,25.0,MEDIUM,12.0,27.484,40.683,33.529,101.696
ZHO,26.0,MEDIUM,13.0,27.313,40.441,33.61,101.364
ZHO,27.0,MEDIUM,14.0,27.348,40.44,33.398,101.186
ZHO,28.0,MEDIUM,15.0,27.452,40.479,33.489,101.42
ZHO,29.0,MEDIUM,16.0,27.267,41.012,33.952,102.231
ZHO,30.0,MEDIUM,17.0,27.334,40.558,33.64,101.532
ZHO,31.0,MEDIUM,18.0,27.329,40.719,33.454,101.502
ZHO,32.0,MEDIUM,19.0,27.285,40.783,33.575,101.643
ZHO,33.0,MEDIUM,20.0,27.25,40.565,33.315,101.13
ZHO,34.0,MEDIUM,21.0,27.335,40.667,33.385,101.387
ZHO,37.0,HARD,2.0,27.284,39.92,32.957,100.161
ZHO,38.0,HARD,3.0,27.053,39.945,33.15,100.148
ZHO,39.0,HARD,4.0,27.073,41.338,33.469,101.88
ZHO,41.0,HARD,6.0,26.983,40.289,33.07,100.342
ZHO,42.0,HARD,7.0,27.009,40.017,33.142,100.168
ZHO,43.0,HARD,8.0,27.182,40.096,32.963,100.241
ZHO,44.0,HARD,9.0,27.01,40.007,33.016,100.033
ZHO,45.0,HARD,10.0,26.957,39.874,32.827,99.658
ZHO,46.0,HARD,11.0,26.942,39.958,32.958,99.858
ZHO,47.0,HARD,12.0,26.91,39.969,32.746,99.625
ZHO,48.0,HARD,13.0,26.874,40.186,33.159,100.219
ZHO,49.0,HARD,14.0,26.957,40.266,33.017,100.24
ZHO,50.0,HARD,15.0,26.866,40.038,33.059,99.963
ZHO,51.0,HARD,16.0,26.682,40.006,32.71,99.398
ZHO,52.0,HARD,17.0,26.841,39.974,32.868,99.683
ZHO,53.0,HARD,18.0,26.745,39.89,32.637,99.272
ZHO,54.0,HARD,19.0,26.793,39.976,32.827,99.596
ZHO,55.0,HARD,20.0,26.842,39.954,33.265,100.061
HUL,6.0,MEDIUM,6.0,28.373,40.87,33.847,103.09
HUL,7.0,MEDIUM,7.0,27.81,39.645,33.973,101.428
HUL,8.0,MEDIUM,8.0,27.263,40.071,33.951,101.285
HUL,9.0,MEDIUM,9.0,27.115,40.502,34.034,101.651
HUL,11.0,MEDIUM,11.0,27.401,40.382,33.906,101.689
HUL,12.0,MEDIUM,12.0,27.458,40.405,33.569,101.432
HUL,13.0,MEDIUM,13.0,27.292,40.269,33.773,101.334
HUL,14.0,MEDIUM,14.0,27.265,40.247,33.536,101.048
HUL,15.0,MEDIUM,15.0,27.484,40.643,33.697,101.824
HUL,16.0,MEDIUM,16.0,27.315,40.556,33.641,101.512
HUL,17.0,MEDIUM,17.0,27.213,40.331,33.646,101.19
HUL,18.0,MEDIUM,18.0,27.299,40.397,34.434,102.13
HUL,19.0,MEDIUM,19.0,27.022,40.158,33.25,100.43
HUL,20.0,MEDIUM,20.0,27.132,39.969,33.346,100.447
HUL,21.0,MEDIUM,21.0,26.953,39.962,33.608,100.523
HUL,22.0,MEDIUM,22.0,27.124,40.236,33.397,100.757
HUL,23.0,MEDIUM,23.0,27.044,40.252,33.474,100.77
HUL,24.0,MEDIUM,24.0,26.932,40.101,33.296,100.329
HUL,25.0,MEDIUM,25.0,27.027,39.984,33.258,100.269
HUL,26.0,MEDIUM,26.0,26.866,40.448,33.35,100.664
HUL,29.0,HARD,2.0,27.272,40.04,33.6,100.912
HUL,30.0,HARD,3.0,27.258,40.055,33.025,100.338
HUL,31.0,HARD,4.0,27.007,39.641,32.753,99.401
HUL,32.0,HARD,5.0,27.013,39.857,32.817,99.687
HUL,33.0,HARD,6.0,26.868,39.652,32.835,99.355
HUL,34.0,HARD,7.0,27.004,39.61,32.734,99.348
HUL,35.0,HARD,8.0,26.656,39.728,32.866,99.25
HUL,36.0,HARD,9.0,26.688,39.645,32.863,99.196
HUL,37.0,HARD,10.0,26.561,39.83,32.999,99.39
HUL,38.0,HARD,11.0,26.54,39.742,32.897,99.179
HUL,39.0,HARD,12.0,26.591,39.779,32.924,99.294
HUL,40.0,HARD,13.0,26.692,39.83,32.869,99.391
HUL,42.0,HARD,15.0,26.593,39.493,32.855,98.941
HUL,43.0,HARD,16.0,26.545,39.642,32.719,98.906
HUL,44.0,HARD,17.0,26.672,39.508,32.722,98.902
HUL,45.0,HARD,18.0,27.78,39.94,32.852,100.572
HUL,46.0,HARD,19.0,26.486,39.508,32.651,98.645
HUL,47.0,HARD,20.0,26.609,39.732,32.656,98.997
HUL,48.0,HARD,21.0,26.638,39.455,32.501,98.594
HUL,49.0,HARD,22.0,26.455,39.513,32.542,98.51
HUL,50.0,HARD,23.0,26.41,39.63,32.611,98.651
HUL,51.0,HARD,24.0,26.346,39.558,32.5,98.404
HUL,52.0,HARD,25.0,26.424,39.669,32.61,98.703
HUL,53.0,HARD,26.0,26.553,39.386,32.573,98.512
HUL,54.0,HARD,27.0,26.458,39.698,32.619,98.775
HUL,55.0,HARD,28.0,26.364,39.693,32.657,98.714
HUL,56.0,HARD,29.0,26.441,39.681,32.878,99.0
LAW,6.0,HARD,6.0,27.972,40.956,33.997,102.925
LAW,7.0,HARD,7.0,27.979,40.097,33.934,102.01
LAW,8.0,HARD,8.0,27.673,40.052,33.832,101.557
LAW,9.0,HARD,9.0,27.486,40.424,34.19,102.1
LAW,11.0,HARD,11.0,27.533,40.019,33.983,101.535
LAW,12.0,HARD,12.0,27.398,40.328,33.534,101.26
LAW,13.0,HARD,13.0,27.333,40.307,33.68,101.32
LAW,14.0,HARD,14.0,27.294,40.546,33.543,101.383
LAW,15.0,HARD,15.0,27.361,40.813,33.867,102.041
LAW,16.0,HARD,16.0,27.305,40.564,33.777,101.646
LAW,17.0,HARD,17.0,27.274,40.435,33.662,101.371
LAW,18.0,HARD,18.0,27.284,40.427,33.624,101.335
LAW,19.0,HARD,19.0,27.225,40.465,33.411,101.101
LAW,20.0,HARD,20.0,27.224,40.246,33.518,100.988
LAW,21.0,HARD,21.0,27.12,40.697,34.421,102.238
LAW,22.0,HARD,22.0,27.274,40.437,33.737,101.448
LAW,23.0,HARD,23.0,27.06,40.404,33.389,100.853
LAW,24.0,HARD,24.0,27.134,40.321,33.414,100.869
LAW,25.0,HARD,25.0,27.206,40.145,33.302,100.653
LAW,26.0,HARD,26.0,27.044,40.34,33.538,100.922
LAW,27.0,HARD,27.0,26.846,40.207,33.251,100.304
LAW,28.0,HARD,28.0,26.9,40.102,33.233,100.235
LAW,29.0,HARD,29.0,26.964,40.208,33.351,100.523
LAW,30.0,HARD,30.0,26.934,40.156,33.532,100.622
LAW,31.0,HARD,31.0,27.077,40.262,33.274,100.613
LAW,32.0,HARD,32.0,26.895,40.297,33.259,100.451
LAW,33.0,HARD,33.0,26.846,40.273,33.167,100.286
LAW,34.0,HARD,34.0,27.057,40.334,33.058,100.449
LAW,35.0,HARD,35.0,26.911,40.317,33.256,100.484
LAW,38.0,MEDIUM,2.0,26.863,38.894,33.148,98.905
LAW,39.0,MEDIUM,3.0,26.882,39.589,32.925,99.396
LAW,40.0,MEDIUM,4.0,26.727,39.622,32.686,99.035
LAW,42.0,MEDIUM,6.0,26.493,39.293,32.623,98.409
LAW,43.0,MEDIUM,7.0,26.653,39.607,32.844,99.104
LAW,44.0,MEDIUM,8.0,26.693,39.516,32.848,99.057
LAW,45.0,MEDIUM,9.0,26.662,39.582,32.84,99.084
LAW,46.0,MEDIUM,10.0,26.637,39.41,32.572,98.619
LAW,47.0,MEDIUM,11.0,26.524,39.504,32.603,98.631
LAW,48.0,MEDIUM,12.0,26.442,39.54,32.511,98.493
LAW,49.0,MEDIUM,13.0,26.338,39.619,32.601,98.558
LAW,50.0,MEDIUM,14.0,26.341,39.651,32.521,98.513
LAW,51.0,MEDIUM,15.0,26.456,39.468,32.529,98.453
LAW,52.0,MEDIUM,16.0,26.341,39.392,32.548,98.281
LAW,53.0,MEDIUM,17.0,26.375,39.293,32.445,98.113
LAW,54.0,MEDIUM,18.0,26.292,39.407,32.392,98.091
LAW,55.0,MEDIUM,19.0,26.307,39.576,32.55,98.433
LAW,56.0,MEDIUM,20.0,26.446,39.746,33.081,99.273
OCO,6.0,MEDIUM,6.0,28.017,41.737,34.586,104.34
OCO,7.0,MEDIUM,7.0,27.575,40.416,33.932,101.923
OCO,8.0,MEDIUM,8.0,27.271,40.504,33.9,101.675
OCO,9.0,MEDIUM,9.0,27.236,40.554,34.047,101.837
OCO,11.0,MEDIUM,11.0,27.389,40.729,34.14,102.258
OCO,12.0,MEDIUM,12.0,27.238,40.557,34.071,101.866
OCO,13.0,MEDIUM,13.0,27.271,40.87,34.116,102.257
OCO,14.0,MEDIUM,14.0,27.407,40.873,33.969,102.249
OCO,15.0,MEDIUM,15.0,27.215,41.024,33.936,102.175
OCO,16.0,MEDIUM,16.0,27.335,40.853,33.718,101.906
OCO,17.0,MEDIUM,17.0,27.256,40.63,33.945,101.831
OCO,18.0,MEDIUM,18.0,27.345,40.598,33.726,101.669
OCO,19.0,MEDIUM,19.0,27.254,40.556,33.707,101.517
OCO,20.0,MEDIUM,20.0,27.285,40.465,33.677,101.427
OCO,21.0,MEDIUM,21.0,27.217,40.294,33.735,101.246
OCO,22.0,MEDIUM,22.0,27.244,40.575,33.811,101.63
OCO,23.0,MEDIUM,23.0,27.289,40.641,33.79,101.72
OCO,24.0,MEDIUM,24.0,27.304,40.532,33.653,101.489
OCO,25.0,MEDIUM,25.0,27.191,41.039,34.163,102.393
OCO,26.0,MEDIUM,26.0,27.262,40.543,33.742,101.547
OCO,27.0,MEDIUM,27.0,27.212,40.496,33.653,101.361
OCO,28.0,MEDIUM,28.0,27.13,40.461,33.778,101.369
OCO,29.0,MEDIUM,29.0,27.024,40.495,33.675,101.194
OCO,30.0,MEDIUM,30.0,27.085,40.587,33.78,101.452
OCO,33.0,HARD,2.0,27.133,40.095,32.986,100.214
OCO,34.0,HARD,3.0,26.888,40.145,33.044,100.077
OCO,35.0,HARD,4.0,26.794,39.93,33.285,100.009
OCO,36.0,HARD,5.0,26.904,40.175,33.222,100.301
OCO,37.0,HARD,6.0,26.759,40.12,33.211,100.09
OCO,38.0,HARD,7.0,26.943,39.893,33.101,99.937
OCO,39.0,HARD,8.0,26.797,39.925,32.913,99.635
OCO,42.0,HARD,11.0,26.843,40.028,33.207,100.078
OCO,43.0,HARD,12.0,26.951,40.011,33.285,100.247
OCO,44.0,HARD,13.0,26.934,40.22,34.121,101.275
OCO,45.0,HARD,14.0,26.744,39.957,33.126,99.827
OCO,46.0,HARD,15.0,26.842,39.865,33.046,99.753
OCO,47.0,HARD,16.0,26.777,39.818,33.001,99.596
OCO,48.0,HARD,17.0,27.77,40.016,33.112,100.898
OCO,49.0,HARD,18.0,26.602,40.074,32.979,99.655
OCO,50.0,HARD,19.0,26.633,39.831,33.109,99.573
OCO,53.0,SOFT,5.0,26.416,38.907,32.007,97.33
OCO,54.0,SOFT,6.0,26.734,39.939,33.32,99.993
OCO,55.0,SOFT,7.0,26.954,40.001,33.044,99.999
NOR,2.0,MEDIUM,2.0,27.416,39.906,33.542,100.864
NOR,6.0,MEDIUM,6.0,27.461,40.08,33.122,100.663
NOR,7.0,MEDIUM,7.0,27.397,39.899,33.173,100.469
NOR,8.0,MEDIUM,8.0,27.272,39.923,33.216,100.411
NOR,9.0,MEDIUM,9.0,27.082,39.755,33.359,100.196
NOR,11.0,MEDIUM,11.0,27.174,40.144,33.35,100.668
NOR,12.0,MEDIUM,12.0,27.145,40.183,33.324,100.652
NOR,13.0,MEDIUM,13.0,27.018,40.062,33.267,100.347
NOR,14.0,MEDIUM,14.0,26.946,40.228,33.148,100.322
NOR,15.0,MEDIUM,15.0,26.958,40.236,33.166,100.36
NOR,16.0,MEDIUM,16.0,26.973,40.266,33.116,100.355
NOR,17.0,MEDIUM,17.0,27.012,39.961,32.942,99.915
NOR,18.0,MEDIUM,18.0,26.96,40.243,32.741,99.944
NOR,19.0,MEDIUM,19.0,26.886,39.871,32.855,99.612
NOR,20.0,MEDIUM,20.0,26.836,39.847,33.208,99.891
NOR,21.0,MEDIUM,21.0,26.763,39.661,33.05,99.474
NOR,22.0,MEDIUM,22.0,26.772,39.7,33.07,99.542
NOR,23.0,MEDIUM,23.0,26.731,39.98,33.099,99.81
NOR,24.0,MEDIUM,24.0,26.81,39.96,33.019,99.789
NOR,25.0,MEDIUM,25.0,26.645,40.06,32.902,99.607
NOR,26.0,MEDIUM,26.0,26.724,39.978,32.825,99.527
NOR,27.0,MEDIUM,27.0,26.564,39.677,32.852,99.093
NOR,28.0,MEDIUM,28.0,26.567,39.622,32.967,99.156
NOR,29.0,MEDIUM,29.0,26.661,39.999,32.888,99.548
NOR,30.0,MEDIUM,30.0,26.647,39.898,33.16,99.705
NOR,33.0,HARD,2.0,26.79,39.433,32.418,98.641
NOR,34.0,HARD,3.0,26.614,39.173,32.256,98.043
NOR,35.0,HARD,4.0,26.379,39.18,32.359,97.918
NOR,36.0,HARD,5.0,26.787,39.178,32.352,98.317
NOR,37.0,HARD,6.0,26.482,39.316,32.512,98.31
NOR,38.0,HARD,7.0,26.333,39.263,32.485,98.081
NOR,39.0,HARD,8.0,26.414,39.197,32.451,98.062
NOR,40.0,HARD,9.0,26.311,39.526,32.484,98.321
NOR,42.0,HARD,11.0,26.24,39.278,32.407,97.925
NOR,43.0,HARD,12.0,26.283,39.311,32.439,98.033
NOR,44.0,HARD,13.0,26.432,39.227,32.57,98.229
NOR,45.0,HARD,14.0,26.234,39.508,32.598,98.34
NOR,46.0,HARD,15.0,26.304,39.211,32.604,98.119
NOR,47.0,HARD,16.0,26.425,39.347,33.422,99.194
NOR,48.0,HARD,17.0,26.181,39.376,32.879,98.436
NOR,49.0,HARD,18.0,26.498,39.416,32.635,98.549
NOR,50.0,HARD,19.0,26.487,39.612,32.714,98.813
NOR,51.0,HARD,20.0,26.282,39.497,33.287,99.066
NOR,52.0,HARD,21.0,26.593,39.705,33.545,99.843
NOR,53.0,HARD,22.0,26.805,39.218,32.324,98.347
NOR,54.0,HARD,23.0,26.273,39.33,32.286,97.889
NOR,55.0,HARD,24.0,26.186,39.084,32.409,97.679
NOR,56.0,HARD,25.0,26.283,39.144,32.331,97.758
COL,6.0,HARD,6.0,28.097,41.24,34.001,103.338
COL,7.0,HARD,7.0,27.881,40.308,34.089,102.278
COL,8.0,HARD,8.0,27.422,40.273,33.756,101.451
COL,9.0,HARD,9.0,27.347,40.595,34.038,101.98
COL,11.0,HARD,11.0,27.397,40.543,34.299,102.239
COL,12.0,HARD,12.0,27.609,40.395,33.882,101.886
COL,13.0,HARD,13.0,27.431,40.545,33.79,101.766
COL,14.0,HARD,14.0,27.409,41.34,34.221,102.97
COL,15.0,HARD,15.0,27.178,40.766,33.857,101.801
COL,16.0,HARD,16.0,27.387,40.718,33.851,101.956
COL,17.0,HARD,17.0,27.303,40.507,33.713,101.523
COL,18.0,HARD,18.0,27.345,40.341,33.741,101.427
COL,19.0,HARD,19.0,27.221,40.193,33.596,101.01
COL,20.0,HARD,20.0,27.221,40.126,33.776,101.123
COL,21.0,HARD,21.0,27.116,39.957,34.014,101.087
COL,22.0,HARD,22.0,27.083,40.084,34.083,101.25
COL,23.0,HARD,23.0,27.183,40.313,33.816,101.312
COL,24.0,HARD,24.0,27.137,40.372,33.718,101.227
COL,25.0,HARD,25.0,27.197,40.071,33.488,100.756
COL,26.0,HARD,26.0,27.138,40.214,33.548,100.9
COL,27.0,HARD,27.0,26.955,40.026,33.47,100.451
COL,28.0,HARD,28.0,26.835,40.1,33.27,100.205
COL,29.0,HARD,29.0,26.897,40.095,33.55,100.542
COL,30.0,HARD,30.0,26.895,40.015,33.456,100.366
COL,31.0,HARD,31.0,26.892,40.362,33.281,100.535
COL,32.0,HARD,32.0,26.88,39.976,33.414,100.27
COL,33.0,HARD,33.0,26.883,40.112,33.243,100.238
COL,34.0,HARD,34.0,26.824,40.259,33.223,100.306
COL,35.0,HARD,35.0,26.768,39.918,33.509,100.195
COL,36.0,HARD,36.0,26.81,39.936,33.28,100.026
COL,37.0,HARD,37.0,26.868,40.413,34.114,101.395
COL,38.0,HARD,38.0,26.74,40.032,33.338,100.11
COL,42.0,MEDIUM,3.0,26.547,39.332,32.654,98.533
COL,43.0,MEDIUM,4.0,26.497,39.34,32.691,98.528
COL,44.0,MEDIUM,5.0,26.547,39.45,32.879,98.876
COL,45.0,MEDIUM,6.0,26.669,39.308,32.555,98.532
COL,46.0,MEDIUM,7.0,26.336,39.031,32.244,97.611
COL,47.0,MEDIUM,8.0,26.358,39.097,32.536,97.991
COL,48.0,MEDIUM,9.0,26.357,39.451,32.518,98.326
COL,49.0,MEDIUM,10.0,26.355,39.408,32.649,98.412
COL,50.0,MEDIUM,11.0,26.258,39.188,32.58,98.026
COL,51.0,MEDIUM,12.0,26.353,39.696,32.616,98.665
COL,52.0,MEDIUM,13.0,26.286,39.347,32.5,98.133
COL,53.0,MEDIUM,14.0,26.396,39.28,32.356,98.032
COL,54.0,MEDIUM,15.0,26.291,39.174,32.243,97.708
COL,55.0,MEDIUM,16.0,26.118,39.593,32.215,97.926
COL,56.0,MEDIUM,17.0,26.182,39.495,32.811,98.488
HAM,2.0,HARD,2.0,,,,
SAI,2.0,MEDIUM,2.0,26.992,39.337,33.594,99.923
SAI,6.0,MEDIUM,6.0,27.199,39.976,32.827,100.002
SAI,7.0,MEDIUM,7.0,26.936,39.503,33.245,99.684
SAI,8.0,MEDIUM,8.0,27.544,40.262,33.138,100.944
SAI,9.0,MEDIUM,9.0,27.037,39.829,33.156,100.022
SAI,11.0,MEDIUM,11.0,26.911,40.086,33.355,100.352
SAI,12.0,MEDIUM,12.0,26.893,40.02,33.328,100.241
SAI,13.0,MEDIUM,13.0,26.894,39.879,33.241,100.014
SAI,14.0,MEDIUM,14.0,26.872,40.135,33.031,100.038
SAI,15.0,MEDIUM,15.0,26.829,40.115,33.127,100.071
SAI,16.0,MEDIUM,16.0,26.894,40.091,33.301,100.286
SAI,17.0,MEDIUM,17.0,27.065,40.002,33.136,100.203
SAI,18.0,MEDIUM,18.0,26.876,39.951,32.869,99.696
SAI,19.0,MEDIUM,19.0,26.87,40.101,32.927,99.898
SAI,20.0,MEDIUM,20.0,26.771,39.877,33.166,99.814
SAI,23.0,HARD,2.0,26.593,39.519,32.619,98.731
SAI,24.0,HARD,3.0,26.772,39.558,32.783,99.113
SAI,25.0,HARD,4.0,26.826,39.575,32.954,99.355
SAI,26.0,HARD,5.0,26.72,39.736,32.886,99.342
SAI,27.0,HARD,6.0,26.607,39.62,32.733,98.96
SAI,28.0,HARD,7.0,26.73,39.39,32.934,99.054
SAI,29.0,HARD,8.0,26.738,39.58,32.885,99.203
SAI,30.0,HARD,9.0,26.628,39.369,32.677,98.674
SAI,31.0,HARD,10.0,26.692,39.68,32.909,99.281
SAI,32.0,HARD,11.0,26.607,39.623,32.795,99.025
SAI,33.0,HARD,12.0,26.571,39.569,32.62,98.76
SAI,34.0,HARD,13.0,26.672,39.543,32.597,98.812
SAI,35.0,HARD,14.0,26.538,39.505,32.577,98.62
SAI,36.0,HARD,15.0,26.652,39.491,32.444,98.587
SAI,37.0,HARD,16.0,26.434,39.396,32.598,98.428
SAI,38.0,HARD,17.0,26.445,39.282,32.462,98.189
SAI,39.0,HARD,18.0,26.432,39.145,32.498,98.075
SAI,40.0,HARD,19.0,26.434,39.211,32.437,98.082
SAI,42.0,HARD,21.0,26.22,39.185,32.358,97.763
SAI,43.0,HARD,22.0,26.293,39.373,32.557,98.223
SAI,44.0,HARD,23.0,26.361,39.459,32.63,98.45
SAI,45.0,HARD,24.0,26.318,39.267,32.695,98.28
SAI,46.0,HARD,25.0,26.469,39.456,32.693,98.618
SAI,47.0,HARD,26.0,26.419,39.703,32.761,98.883
SAI,48.0,HARD,27.0,26.421,39.244,32.465,98.13
SAI,49.0,HARD,28.0,26.387,39.596,32.601,98.584
SAI,50.0,HARD,29.0,26.476,39.475,32.319,98.27
SAI,51.0,HARD,30.0,26.279,39.437,32.785,98.501
SAI,52.0,HARD,31.0,26.102,39.615,32.371,98.088
SAI,53.0,HARD,32.0,26.323,39.55,32.297,98.17
SAI,54.0,HARD,33.0,26.379,39.379,32.442,98.2
SAI,55.0,HARD,34.0,26.45,39.749,32.81,99.009
SAI,56.0,HARD,35.0,26.695,41.016,33.372,101.083
RUS,6.0,HARD,6.0,28.142,41.853,34.184,104.179
RUS,7.0,HARD,7.0,27.554,40.37,33.974,101.898
RUS,8.0,HARD,8.0,27.29,40.254,33.98,101.524
RUS,9.0,HARD,9.0,27.22,40.168,34.525,101.913
RUS,11.0,HARD,11.0,27.449,40.345,34.371,102.165
RUS,12.0,HARD,12.0,27.228,40.423,34.186,101.837
RUS,13.0,HARD,13.0,27.296,40.082,33.922,101.3
RUS,14.0,HARD,14.0,27.109,40.102,33.887,101.098
RUS,15.0,HARD,15.0,27.171,40.302,33.682,101.155
RUS,16.0,HARD,16.0,27.237,40.293,33.73,101.26
RUS,17.0,HARD,17.0,27.277,40.152,33.703,101.132
RUS,18.0,HARD,18.0,27.029,40.184,33.317,100.53
RUS,19.0,HARD,19.0,27.695,40.067,33.441,101.203
RUS,20.0,HARD,20.0,27.348,40.039,33.379,100.766
RUS,21.0,HARD,21.0,26.977,39.502,33.486,99.965
RUS,22.0,HARD,22.0,27.03,39.776,33.213,100.019
RUS,23.0,HARD,23.0,26.786,40.021,33.367,100.174
RUS,24.0,HARD,24.0,26.841,39.924,33.295,100.06
RUS,25.0,HARD,25.0,26.758,39.863,33.071,99.692
RUS,26.0,HARD,26.0,26.742,40.122,33.294,100.158
RUS,27.0,HARD,27.0,26.745,39.829,33.315,99.889
RUS,28.0,HARD,28.0,26.468,39.457,33.31,99.235
RUS,29.0,HARD,29.0,26.619,39.7,33.305,99.624
RUS,30.0,HARD,30.0,26.601,39.854,33.122,99.577
RUS,31.0,HARD,31.0,26.55,39.943,33.141,99.634
RUS,32.0,HARD,32.0,26.59,39.814,33.149,99.553
RUS,33.0,HARD,33.0,27.185,40.0,33.188,100.373
RUS,34.0,HARD,34.0,26.707,40.073,33.291,100.071
RUS,35.0,HARD,35.0,27.003,39.84,33.082,99.925
RUS,36.0,HARD,36.0,26.593,39.605,32.954,99.152
RUS,37.0,HARD,37.0,26.479,39.819,33.153,99.451
RUS,38.0,HARD,38.0,26.534,39.748,33.049,99.331
RUS,39.0,HARD,39.0,26.483,39.544,32.97,98.997
RUS,42.0,MEDIUM,2.0,26.373,38.929,32.354,97.656
RUS,43.0,MEDIUM,3.0,26.444,39.192,32.482,98.118
RUS,44.0,MEDIUM,4.0,26.245,38.874,32.707,97.826
RUS,45.0,MEDIUM,5.0,26.484,39.193,32.286,97.963
RUS,46.0,MEDIUM,6.0,26.182,39.182,32.418,97.782
RUS,47.0,MEDIUM,7.0,26.227,39.02,32.543,97.79
RUS,48.0,MEDIUM,8.0,26.336,39.188,32.517,98.041
RUS,49.0,MEDIUM,9.0,26.22,39.134,32.647,98.001
RUS,50.0,MEDIUM,10.0,26.145,39.401,32.397,97.943
RUS,51.0,MEDIUM,11.0,26.243,39.245,32.571,98.059
RUS,52.0,MEDIUM,12.0,26.243,39.254,33.111,98.608
RUS,53.0,MEDIUM,13.0,26.487,39.545,33.856,99.888
RUS,54.0,MEDIUM,14.0,26.387,39.349,32.988,98.724
RUS,55.0,MEDIUM,15.0,26.253,39.239,32.688,98.18
RUS,56.0,MEDIUM,16.0,26.211,38.974,32.77,97.955
BOT,6.0,MEDIUM,6.0,28.12,41.377,34.103,103.6
BOT,7.0,MEDIUM,7.0,27.788,40.256,34.136,102.18
BOT,8.0,MEDIUM,8.0,27.396,40.072,34.015,101.483
BOT,9.0,MEDIUM,9.0,27.285,40.536,34.21,102.031
BOT,11.0,MEDIUM,11.0,27.449,40.658,34.193,102.3
BOT,12.0,MEDIUM,12.0,27.439,40.527,33.979,101.945
BOT,13.0,MEDIUM,13.0,27.346,40.817,34.514,102.677
BOT,14.0,MEDIUM,14.0,27.318,40.896,33.911,102.125
BOT,17.0,HARD,2.0,27.292,40.388,33.121,100.801
BOT,18.0,HARD,3.0,27.233,40.232,33.297,100.762
BOT,19.0,HARD,4.0,27.322,40.434,33.113,100.869
BOT,20.0,HARD,5.0,27.181,40.299,33.357,100.837
BOT,21.0,HARD,6.0,27.187,40.401,33.332,100.92
BOT,22.0,HARD,7.0,27.087,40.416,33.495,100.998
BOT,23.0,HARD,8.0,27.172,40.585,33.381,101.138
BOT,24.0,HARD,9.0,27.269,40.533,33.345,101.147
BOT,25.0,HARD,10.0,27.197,40.464,33.248,100.909
BOT,26.0,HARD,11.0,27.198,40.239,33.402,100.839
BOT,27.0,HARD,12.0,27.115,40.209,33.545,100.869
BOT,28.0,HARD,13.0,27.2,40.365,33.459,101.024
BOT,29.0,HARD,14.0,27.089,40.538,33.671,101.298
BOT,30.0,HARD,15.0,27.204,40.413,33.568,101.185
BOT,31.0,HARD,16.0,27.283,40.475,33.616,101.374
BOT,32.0,HARD,17.0,27.108,40.347,33.477,100.932
BOT,33.0,HARD,18.0,26.849,40.089,33.846,100.784
BOT,34.0,HARD,19.0,27.028,40.717,34.193,101.938
BOT,35.0,HARD,20.0,27.381,40.475,33.58,101.436
BOT,36.0,HARD,21.0,26.991,40.665,33.499,101.155
BOT,37.0,HARD,22.0,26.963,40.336,33.516,100.815
BOT,38.0,HARD,23.0,27.129,40.365,33.45,100.944
BOT,39.0,HARD,24.0,27.166,40.395,33.219,100.78
BOT,40.0,HARD,25.0,27.034,40.315,33.352,100.701
BOT,42.0,HARD,27.0,27.348,40.401,33.494,101.243
BOT,43.0,HARD,28.0,27.216,40.228,33.252,100.696
BOT,44.0,HARD,29.0,27.23,40.556,33.931,101.717
BOT,45.0,HARD,30.0,27.868,40.845,36.703,105.416
BOT,46.0,HARD,31.0,27.274,40.72,35.231,103.225
BOT,47.0,HARD,32.0,27.223,40.428,33.413,101.064
BOT,48.0,HARD,33.0,27.426,40.471,33.173,101.07
BOT,49.0,HARD,34.0,29.421,40.552,33.474,103.447
BOT,50.0,HARD,35.0,27.114,40.313,33.618,101.045
BOT,51.0,HARD,36.0,28.718,40.675,33.538,102.931
BOT,52.0,HARD,37.0,27.149,40.229,33.28,100.658
BOT,53.0,HARD,38.0,27.211,40.175,33.189,100.575
BOT,54.0,HARD,39.0,27.162,40.375,33.142,100.679
BOT,55.0,HARD,40.0,27.202,40.298,33.208,100.708
PIA,6.0,MEDIUM,6.0,27.87,40.532,33.351,101.753
PIA,7.0,MEDIUM,7.0,27.536,40.178,33.372,101.086
PIA,8.0,MEDIUM,8.0,27.352,39.782,33.544,100.678
PIA,9.0,MEDIUM,9.0,27.289,39.779,33.217,100.285
PIA,11.0,MEDIUM,11.0,27.375,40.106,33.126,100.607
PIA,12.0,MEDIUM,12.0,27.191,40.172,33.333,100.696
PIA,13.0,MEDIUM,13.0,27.142,40.115,33.322,100.579
PIA,14.0,MEDIUM,14.0,27.309,40.258,33.24,100.807
PIA,15.0,MEDIUM,15.0,27.276,40.49,33.247,101.013
PIA,16.0,MEDIUM,16.0,27.171,40.152,32.906,100.229
PIA,17.0,MEDIUM,17.0,27.155,39.928,32.842,99.925
PIA,18.0,MEDIUM,18.0,27.111,40.03,32.865,100.006
PIA,19.0,MEDIUM,19.0,27.169,39.822,32.694,99.685
PIA,20.0,MEDIUM,20.0,26.911,39.908,32.972,99.791
PIA,21.0,MEDIUM,21.0,27.03,39.61,33.071,99.711
PIA,22.0,MEDIUM,22.0,26.922,39.894,33.048,99.864
PIA,23.0,MEDIUM,23.0,26.867,40.013,33.03,99.91
PIA,24.0,MEDIUM,24.0,26.901,40.13,33.238,100.269
PIA,25.0,MEDIUM,25.0,26.817,39.761,32.831,99.409
PIA,26.0,MEDIUM,26.0,26.686,39.867,32.746,99.299
PIA,27.0,MEDIUM,27.0,26.707,39.749,32.56,99.016
PIA,28.0,MEDIUM,28.0,26.664,39.663,33.323,99.65
PIA,29.0,MEDIUM,29.0,26.727,39.77,33.053,99.55
PIA,30.0,MEDIUM,30.0,26.729,39.909,33.023,99.661
PIA,31.0,MEDIUM,31.0,26.654,40.575,33.6,100.829
PIA,34.0,HARD,2.0,26.694,39.448,32.353,98.495
PIA,35.0,HARD,3.0,26.459,39.337,32.226,98.022
PIA,36.0,HARD,4.0,26.382,39.596,32.332,98.31
PIA,37.0,HARD,5.0,26.461,39.572,32.457,98.49
PIA,38.0,HARD,6.0,26.445,39.262,32.505,98.212
PIA,39.0,HARD,7.0,26.502,39.107,32.574,98.183
PIA,40.0,HARD,8.0,26.61,39.875,32.863,99.348
PIA,42.0,HARD,10.0,26.405,39.172,32.306,97.883
PIA,43.0,HARD,11.0,26.351,39.231,32.402,97.984
PIA,44.0,HARD,12.0,26.54,39.546,32.369,98.455
PIA,45.0,HARD,13.0,26.289,39.291,32.399,97.979
PIA,46.0,HARD,14.0,26.424,39.503,32.393,98.32
PIA,47.0,HARD,15.0,26.476,39.7,32.479,98.655
PIA,48.0,HARD,16.0,26.299,39.23,32.492,98.021
PIA,49.0,HARD,17.0,26.317,39.431,32.275,98.023
PIA,50.0,HARD,18.0,26.325,39.382,32.272,97.979
PIA,51.0,HARD,19.0,26.224,39.453,32.855,98.532
PIA,52.0,HARD,20.0,26.214,39.506,32.46,98.18
PIA,53.0,HARD,21.0,26.529,40.029,32.546,99.104
PIA,54.0,HARD,22.0,26.33,39.257,32.367,97.954
PIA,55.0,HARD,23.0,26.501,39.175,32.248,97.924
PIA,56.0,HARD,24.0,26.415,39.321,33.376,99.112
